class,precision,recall,f1-score,support
fasten,0.5,0.36134453781512604,0.4195121951219512,119.0
gear,0.7739130434782608,1.0,0.8725490196078431,89.0
no_action,0.9157427937915743,0.8368794326241135,0.8745367919534145,987.0
phone,0.9365079365079365,1.0,0.9672131147540983,59.0
unfasten,0.4013605442176871,1.0,0.5728155339805825,59.0
accuracy,0.8194973343488196,0.8194973343488196,0.8194973343488196,0.8194973343488196
macro avg,0.7055048635990918,0.839644794087848,0.7413253310835779,1313.0
weighted avg,0.8462685747941058,0.8194973343488196,0.8237687112703553,1313.0
