class,precision,recall,f1-score,support
fasten,0.5922330097087378,0.33152173913043476,0.4250871080139373,184.0
gear,0.7819548872180451,1.0,0.8776371308016878,104.0
no_action,0.883270911360799,0.8718422674060382,0.8775193798449612,1623.0
phone,0.9285714285714286,1.0,0.9629629629629629,78.0
unfasten,0.33163265306122447,0.5038759689922481,0.4,129.0
accuracy,0.8135033050047215,0.8135033050047215,0.8135033050047215,0.8135033050047215
macro avg,0.703532577984047,0.7414479951057442,0.7086413163247098,2118.0
weighted avg,0.8210821788806095,0.8135033050047215,0.8122829811508135,2118.0
