class,precision,recall,f1-score,support
fasten,0.7307692307692307,0.033391915641476276,0.06386554621848739,569.0
gear,0.7619047619047619,0.5925925925925926,0.6666666666666666,54.0
no_action,0.4088586030664395,0.9266409266409267,0.5673758865248227,777.0
phone,0.9523809523809523,0.1556420233463035,0.26755852842809363,257.0
unfasten,0.42424242424242425,0.1,0.16184971098265896,280.0
accuracy,0.4331440371708828,0.4331440371708828,0.4331440371708828,0.4331440371708828
macro avg,0.6556311944727617,0.3616534916442598,0.3454632677641459,1937.0
weighted avg,0.5876011706675046,0.4331440371708828,0.3238363554513532,1937.0
