class,precision,recall,f1-score,support
fasten,0.4731182795698925,0.5116279069767442,0.49162011173184356,86.0
gear,0.6888888888888889,1.0,0.8157894736842105,93.0
no_action,0.9665605095541401,0.8585572842998586,0.9093632958801499,1414.0
phone,0.9830508474576272,1.0,0.9914529914529915,58.0
unfasten,0.36470588235294116,1.0,0.5344827586206896,62.0
accuracy,0.858727378867484,0.858727378867484,0.858727378867484,0.858727378867484
macro avg,0.695264881564698,0.8740370382553205,0.748541726273977,1713.0
weighted avg,0.9054875149314979,0.858727378867484,0.8725216903530989,1713.0
